note_id,patient_ref,visit_ref,note_date,note_type,author,text
N0001,9874123001,V0001,2026-04-22,clinic_letter,Dr R Singh,"Aanya seen in routine clinic today. Height 152.3 cm, weight 44.6 kg. HbA1c 52 mmol/mol - excellent control. Continues on MDI with insulin glargine and aspart, 4 injections per day. Dexcom G7 CGM in use. Carbohydrate counting confident. Sick day rules reviewed today (22/04/2026)."
N0002,9874123002,V0004,2026-05-14,clinic_letter,Dr P Edwards,Reviewed Jacob in clinic. HbA1c on capillary cartridge today measured at 79 mmol/mol - ongoing struggle with compliance. BP elevated at 134/82 - will reassess. On Tandem t:slim X2 insulin pump with Control-IQ algorithm and Dexcom G7 CGM. Discussed dietary modification (he is eating frequent takeaways) and offered referral to dietitian. Smokes 5 cigarettes per day; smoking cessation advice offered and date 14/05/2026 recorded - declined formal referral to stop-smoking service today. Sick-day rules revisited.
N0003,9874123003,V0007,2026-06-18,admission_summary,Dr R Singh,"Ethan (6y) admitted via ED on 11/06/2026 with new-onset Type 1 diabetes. Did not meet DKA criteria on admission (initial pH 7.32, standard bicarbonate 19.5 mmol/L). Stabilised on MDI. Enrolled on TEPLI-TRIAL paediatric immunotherapy programme; first teplizumab infusion 26/06/2026. Carbohydrate counting level 3 education delivered to parents by paediatric dietitian on 24/06/2026 (within 14 days of diagnosis - process complete). Family doing well."
N0004,9874123004,V0010,2026-05-02,clinic_letter,Dr P Edwards,"Sumaiya seen in T2 clinic. HbA1c 68 mmol/mol, total cholesterol 5.8 mmol/L. Albuminuria stage: microalbuminuria (ACR 6.7 mg/mmol). Continues on metformin 1g BD; semaglutide 0.5 mg weekly added 3 months ago. Strong family history of T2DM. Non-smoker, non-vaper. Dietary advice reinforced. Sick day rules reviewed (02/05/2026). Influenza vaccination recommended (later given in November)."
N0005,9874123005,V0013,2026-09-26,clinic_letter,Dr R Singh,Naomi reviewed in clinic. HbA1c 62 mmol/mol. Coeliac disease confirmed in June 2026; gluten-free diet prescribed and family supported by paediatric dietitian. Will need additional dietitian appointment for coeliac and diabetes management - appointment scheduled for 14/12/2026. Sick-day rules reviewed today.
N0006,9874123006,V0014,2026-06-04,clinic_letter,Dr P Edwards,"Owen seen in genetics-shared paediatric diabetes clinic. HNF1A-MODY confirmed. HbA1c 47 mmol/mol - well managed with diet alone, no medications required. Lifestyle and dietary modification reinforced. Non-smoker, non-vaper."
N0007,9874123007,V0017,2026-09-18,clinic_letter,Dr P Edwards,"Aisha attended for routine clinic. HbA1c 60 mmol/mol. Tandem t:slim X2 pump with Control-IQ - excellent technical engagement. Levothyroxine 75 mcg daily for autoimmune hypothyroidism (diagnosed 2022). Carbohydrate counting confident. Non-smoker, non-vaper. Transition pathway initiated - final paediatric appointment 12/01/2027."
N0008,9874123008,V0019,2026-04-24,clinic_letter,Dr R Singh,"Lily (6y) seen in clinic. HbA1c 51 mmol/mol. Medtronic 780G hybrid closed loop, Guardian 4 sensor; excellent automated control. Carbohydrate counting performed by parents. No additional concerns."
N0009,9874123009,V0023,2026-11-22,admission_letter,Dr P Edwards,"Daniel admitted on 22/11/2026 with acute diabetic ketoacidosis. Initial blood gas at admission: pH 7.08, standard bicarbonate 9.4 mmol/L, blood glucose 28 mmol/L. Severe DKA. Managed per ISPAD guideline. Did not require hypertonic saline, mannitol or bicarbonate infusion (no cerebral oedema suspected). Discharged on 25/11/2026 after stabilisation. Precipitant: missed insulin doses (school exam stress). Sick day rules revisited prior to discharge. Will follow up in clinic."
N0010,9874123009,V0024,2027-01-08,clinic_letter,Dr P Edwards,Daniel seen post-admission. Family engaging well with diabetes nurse follow-up. HbA1c machine in clinic was offline today so no formal HbA1c measured - will be checked at next visit. Continues on basal-bolus MDI (3 injections daily for now). Discussed CGM offer; family preferring to defer until summer.
N0010A,9874123010,V0025,2026-06-12,clinic_letter,Dr R Singh,Imani (12y) reviewed in clinic. HbA1c 74 mmol/mol - challenging control. Background of ADHD diagnosed 2022. Mother and patient discussed difficulties around insulin omission. Annual psychological screening completed today (12/06/2026): patient reports significant mood difficulties; assessed as REQUIRING additional psychological support outside routine care. Referred to diabetes-MDT psychologist; appointment offered for 09/09/2026 (attended). Eye screening booked at hospital diabetic eye screening service for 08/10/2026 - result awaited. Sick-day rules reviewed.
