note_id,patient_ref,visit_ref,note_date,note_type,author,text
N0001,9874123001,V0001,2026-04-22,clinic_letter,Dr R Singh,"Aanya seen in routine clinic today. Height 152.3 cm, weight 44.6 kg. HbA1c 52 mmol/mol - excellent control. Continues on MDI with insulin glargine and aspart, 4 injections per day. No non-insulin glucose-lowering medication. Dexcom G7 CGM in use; trained in and using blood ketone testing equipment. Carbohydrate counting confident. Sick day rules reviewed today (22/04/2026)."
N0001P,9874123001,V0001,2026-04-22,psychology_note,"Dr L Foster, Clinical Psychologist (Diabetes MDT)","Annual psychological screening completed for Aanya on 22/04/2026. Assessed as not requiring additional psychological support outside routine care. No additional appointment with a mental health professional offered."
N0001D,9874123001,V0001,2026-06-10,dietetics_note,"S Patel, Paediatric Diabetes Dietitian","Aanya: Level 3 carbohydrate counting education completed 12/03/2019. Additional paediatric dietitian appointment offered and attended on 10/06/2026."
N0002,9874123002,V0004,2026-05-14,clinic_letter,Dr P Edwards,"Reviewed Jacob in clinic. HbA1c on capillary cartridge today measured at 79 mmol/mol - ongoing struggle with compliance. BP elevated at 134/82 - will reassess. On Tandem t:slim X2 insulin pump with Control-IQ algorithm and Dexcom G7 CGM; trained in blood ketone testing. Discussed dietary modification (he is eating frequent takeaways) and offered referral to dietitian. Smokes 5 cigarettes per day; smoking cessation advice offered and date 14/05/2026 recorded - declined formal referral to stop-smoking service today. Sick-day rules revisited."
N0002P,9874123002,V0004,2026-05-14,psychology_note,"Dr L Foster, Clinical Psychologist (Diabetes MDT)","Annual psychological screening completed for Jacob on 14/05/2026. Assessed as requiring additional psychological support outside of routine care. Offered an additional appointment with the diabetes MDT mental health professional - attended on 20/06/2026."
N0002D,9874123002,V0004,2026-06-26,dietetics_note,"S Patel, Paediatric Diabetes Dietitian","Jacob: Level 3 carbohydrate counting education received 26/06/2015. Additional paediatric dietitian appointment offered and attended 26/06/2026."
N0003,9874123003,V0007,2026-06-18,admission_summary,Dr R Singh,"Ethan (6y) admitted via ED on 11/06/2026 with new-onset Type 1 diabetes. Did not meet DKA criteria on admission (initial pH 7.32, standard bicarbonate 19.5 mmol/L). Stabilised on MDI. Started on continuous glucose monitoring (CGM) and trained in blood ketone testing. Enrolled on TEPLI-TRIAL paediatric immunotherapy programme; first teplizumab infusion 26/06/2026. Carbohydrate counting level 3 education delivered to parents by paediatric dietitian on 24/06/2026 (within 14 days of diagnosis - process complete). Family doing well."
N0003P,9874123003,V0007,2026-07-30,psychology_note,"Dr L Foster, Clinical Psychologist (Diabetes MDT)","Annual psychological screening completed for Ethan on 30/07/2026. Assessed as not requiring additional psychological support outside routine care. No additional appointment with a mental health professional offered."
N0003D,9874123003,V0007,2026-07-30,dietetics_note,"S Patel, Paediatric Diabetes Dietitian","Ethan: Level 3 carbohydrate counting education completed at diagnosis on 24/06/2026. Additional paediatric dietitian appointment offered and attended 30/07/2026."
N0004,9874123004,V0010,2026-05-02,clinic_letter,Dr P Edwards,"Sumaiya seen in T2 clinic. HbA1c 68 mmol/mol, total cholesterol 5.8 mmol/L. Albuminuria stage: microalbuminuria (ACR 6.7 mg/mmol). Continues on metformin 1g BD; semaglutide 0.5 mg weekly added 3 months ago. Not using a continuous glucose monitor and not using blood ketone testing equipment. Strong family history of T2DM. Non-smoker, non-vaper. Lifestyle and dietary modification recommended to reduce blood glucose. Sick day rules reviewed (02/05/2026). Influenza vaccination recommended (later given in November)."
N0004P,9874123004,V0010,2026-05-02,psychology_note,"Dr L Foster, Clinical Psychologist (Diabetes MDT)","Annual psychological screening completed for Sumaiya on 02/05/2026. Assessed as not requiring additional psychological support outside routine care. No additional appointment with a mental health professional offered."
N0004D,9874123004,V0010,2026-05-02,dietetics_note,"S Patel, Paediatric Diabetes Dietitian","Sumaiya: additional paediatric dietitian appointment offered and attended 02/05/2026 for weight and dietary management."
N0005,9874123005,V0013,2026-09-26,clinic_letter,Dr R Singh,"Naomi reviewed in clinic. HbA1c 62 mmol/mol. On MDI with 4 or more injections per day; Dexcom CGM in use and trained in blood ketone testing. Coeliac disease confirmed in June 2026; gluten-free diet prescribed and family supported by paediatric dietitian. Will need additional dietitian appointment for coeliac and diabetes management - appointment scheduled for 14/12/2026. Sick-day rules reviewed today."
N0005P,9874123005,V0013,2026-04-30,psychology_note,"Dr L Foster, Clinical Psychologist (Diabetes MDT)","Annual psychological screening completed for Naomi on 30/04/2026. Assessed as not requiring additional psychological support outside routine care. No additional appointment with a mental health professional offered."
N0005D,9874123005,V0013,2026-09-26,dietetics_note,"S Patel, Paediatric Diabetes Dietitian","Naomi: Level 3 carbohydrate counting education received 07/04/2024. Additional paediatric dietitian appointment offered, scheduled for 14/12/2026 (coeliac and diabetes management)."
N0006,9874123006,V0014,2026-06-04,clinic_letter,Dr P Edwards,"Owen seen in genetics-shared paediatric diabetes clinic. HNF1A-MODY confirmed. HbA1c 47 mmol/mol - well managed with diet alone, no insulin or other glucose-lowering medications required. Not using a continuous glucose monitor or blood ketone testing equipment. Lifestyle and dietary modification reinforced. Non-smoker, non-vaper."
N0006P,9874123006,V0014,2026-06-04,psychology_note,"Dr L Foster, Clinical Psychologist (Diabetes MDT)","Annual psychological screening completed for Owen on 04/06/2026. Assessed as not requiring additional psychological support outside routine care. No additional appointment with a mental health professional offered."
N0006D,9874123006,V0014,2026-06-04,dietetics_note,"S Patel, Paediatric Diabetes Dietitian","Owen: additional paediatric dietitian appointment offered and attended 04/06/2026."
N0007,9874123007,V0017,2026-09-18,clinic_letter,Dr P Edwards,"Aisha attended for routine clinic. HbA1c 60 mmol/mol. Tandem t:slim X2 pump with Control-IQ and Dexcom G7 CGM - excellent technical engagement; trained in blood ketone testing. Levothyroxine 75 mcg daily for autoimmune hypothyroidism (diagnosed 2022). Carbohydrate counting confident. Non-smoker, non-vaper. Transition pathway initiated - final paediatric appointment 12/01/2027."
N0007P,9874123007,V0017,2026-05-21,psychology_note,"Dr L Foster, Clinical Psychologist (Diabetes MDT)","Annual psychological screening completed for Aisha on 21/05/2026. Assessed as not requiring additional psychological support outside routine care. An additional appointment with the diabetes MDT mental health professional was offered but declined."
N0007D,9874123007,V0017,2026-05-21,dietetics_note,"S Patel, Paediatric Diabetes Dietitian","Aisha: Level 3 carbohydrate counting education received 01/03/2014. Additional paediatric dietitian appointment offered and attended 21/05/2026."
N0008,9874123008,V0019,2026-04-24,clinic_letter,Dr R Singh,"Lily (6y) seen in clinic. HbA1c 51 mmol/mol. Medtronic 780G hybrid closed loop with Guardian 4 sensor (CGM); excellent automated control; trained in blood ketone testing. Carbohydrate counting performed by parents. No additional concerns."
N0008P,9874123008,V0019,2026-04-24,psychology_note,"Dr L Foster, Clinical Psychologist (Diabetes MDT)","Annual psychological screening completed for Lily on 24/04/2026. Assessed as not requiring additional psychological support outside routine care. No additional appointment with a mental health professional offered."
N0008D,9874123008,V0019,2026-04-24,dietetics_note,"S Patel, Paediatric Diabetes Dietitian","Lily: Level 3 carbohydrate counting education received 02/09/2022. Additional paediatric dietitian appointment offered and attended 24/04/2026."
N0009,9874123009,V0023,2026-11-22,admission_letter,Dr P Edwards,"Daniel admitted on 22/11/2026 with acute diabetic ketoacidosis. Initial blood gas at admission: pH 7.08, standard bicarbonate 9.4 mmol/L, blood glucose 28 mmol/L. Severe DKA. Managed per ISPAD guideline. Did not require hypertonic saline, mannitol or bicarbonate infusion (no cerebral oedema suspected). Discharged on 25/11/2026 after stabilisation. Precipitant: missed insulin doses (school exam stress). Sick day rules revisited prior to discharge. Will follow up in clinic."
N0010,9874123009,V0024,2027-01-08,clinic_letter,Dr P Edwards,"Daniel seen post-admission. Family engaging well with diabetes nurse follow-up. HbA1c machine in clinic was offline today so no formal HbA1c measured - will be checked at next visit. Continues on basal-bolus MDI (3 injections daily for now); trained in blood ketone testing. Discussed CGM offer; family preferring to defer until summer, so not currently using a continuous glucose monitor."
N0010P,9874123009,V0024,2026-05-09,psychology_note,"Dr L Foster, Clinical Psychologist (Diabetes MDT)","Annual psychological screening completed for Daniel on 09/05/2026. Assessed as not requiring additional psychological support outside routine care. Offered an additional appointment with the diabetes MDT mental health professional (12/06/2026) - did not attend."
N0010D,9874123009,V0024,2026-05-09,dietetics_note,"S Patel, Paediatric Diabetes Dietitian","Daniel: Level 3 carbohydrate counting education received 20/10/2021. Additional paediatric dietitian appointment offered and attended 09/05/2026."
N0010A,9874123010,V0025,2026-06-12,clinic_letter,Dr R Singh,"Imani (12y) reviewed in clinic. HbA1c 74 mmol/mol - challenging control. On MDI with 4 or more injections per day; Dexcom CGM in use and trained in blood ketone testing. Background of ADHD diagnosed 2022. Mother and patient discussed difficulties around insulin omission. Annual psychological screening completed today (12/06/2026): patient reports significant mood difficulties; assessed as REQUIRING additional psychological support outside routine care. Referred to diabetes-MDT psychologist; additional mental health appointment offered for 09/09/2026 (attended). Eye screening booked at hospital diabetic eye screening service for 08/10/2026 - result awaited. Sick-day rules reviewed."
N0010AD,9874123010,V0025,2026-06-12,dietetics_note,"S Patel, Paediatric Diabetes Dietitian","Imani: Level 3 carbohydrate counting education received 10/05/2023. Additional paediatric dietitian appointment offered and attended 12/06/2026."
